<?xml version="1.0" encoding="utf-8"?>
<!--/231481/78598/2.49/8/4/Integrated Circuit/-->
<quadcept_library>
  <setting unit="mil" />
  <textstyle name="Default" height="47.244094488189" strokewidth="7.8740157480315" charwidth="47.244094488189" />
  <textstyle name="Dimension" height="19.6850393700787" strokewidth="0" charwidth="19.6850393700787" />
  <textstyle name="H127W0635TH00762" height="50" strokewidth="3" charwidth="25" />
  <textstyle name="H15W15TH02" height="59.0551181102362" strokewidth="7.8740157480315" charwidth="59.0551181102362" />
  <padstyle name="r80_50" surface="True" plated="False" isvia="False" nopaste="False" nomask="True" complex="False" holesize="0">
    <padshape layer="TOP" shape="rectangle" width="19.685039370078" height="31.496062992126" />
    <padshape layer="TOP_SOLDER_MASK" shape="rectangle" width="27.55905511811" height="39.370078740157" />
    <padshape layer="TOP_SOLDER_PASTE" shape="rectangle" width="19.685039370078" height="31.496062992126" />
  </padstyle>
  <footprint name="M41T62LC6F" originx="0" originy="0" pickpointx="0" pickpointy="0">
    <pcbpin number="1" name="1" style="r80_50" originx="-53.149606299212" originy="-23.622047244094" rotation="0" />
    <pcbpin number="2" name="2" style="r80_50" originx="-17.716535433071" originy="-23.622047244094" rotation="0" />
    <pcbpin number="3" name="3" style="r80_50" originx="17.716535433071" originy="-23.622047244094" rotation="0" />
    <pcbpin number="4" name="4" style="r80_50" originx="53.149606299212" originy="-23.622047244094" rotation="0" />
    <pcbpin number="5" name="5" style="r80_50" originx="53.149606299212" originy="23.622047244094" rotation="0" />
    <pcbpin number="6" name="6" style="r80_50" originx="17.716535433071" originy="23.622047244094" rotation="0" />
    <pcbpin number="7" name="7" style="r80_50" originx="-17.716535433071" originy="23.622047244094" rotation="0" />
    <pcbpin number="8" name="8" style="r80_50" originx="-53.149606299212" originy="23.622047244094" rotation="0" />
    <line layer="TOP_ASSEMBLY" originx="-62.992125984251" originy="-29.527559055118" endx="62.992125984251" endy="-29.527559055118" width="7.8740157480314" />
    <line layer="TOP_ASSEMBLY" originx="62.992125984251" originy="-29.527559055118" endx="62.992125984251" endy="29.527559055118" width="7.8740157480314" />
    <line layer="TOP_ASSEMBLY" originx="62.992125984251" originy="29.527559055118" endx="-62.992125984251" endy="29.527559055118" width="7.8740157480314" />
    <line layer="TOP_ASSEMBLY" originx="-62.992125984251" originy="29.527559055118" endx="-62.992125984251" endy="-29.527559055118" width="7.8740157480314" />
    <line layer="TOP_PLACE_BOUND" originx="-102.36220472441" originy="-78.740157480314" endx="102.36220472441" endy="-78.740157480314" width="3.9370078740157" />
    <line layer="TOP_PLACE_BOUND" originx="102.36220472441" originy="-78.740157480314" endx="102.36220472441" endy="78.740157480314" width="3.9370078740157" />
    <line layer="TOP_PLACE_BOUND" originx="102.36220472441" originy="78.740157480314" endx="-102.36220472441" endy="78.740157480314" width="3.9370078740157" />
    <line layer="TOP_PLACE_BOUND" originx="-102.36220472441" originy="78.740157480314" endx="-102.36220472441" endy="-78.740157480314" width="3.9370078740157" />
    <line layer="TOP_SILKSCREEN" originx="-55.11811023622" originy="-55.11811023622" endx="-55.11811023622" endy="-55.11811023622" width="3.9370078740157" />
    <arc layer="TOP_SILKSCREEN" originx="-57.086614173228" originy="-55.11811023622" startangle="180.0" sweepangle="180.0" radius="-1.9685039370078" width="3.9370078740157" />
    <line layer="TOP_SILKSCREEN" originx="-51.181102362204" originy="-55.11811023622" endx="-51.181102362204" endy="-55.11811023622" width="3.9370078740157" />
    <arc layer="TOP_SILKSCREEN" originx="-57.086614173228" originy="-55.11811023622" startangle=".0" sweepangle="180.0" radius="-1.9685039370078" width="3.9370078740157" />
  </footprint>
  <symbol name="M41T62LC6F" originx="0" originy="0">
    <line originx="200" originy="100" endx="1100" endy="100" width="0" />
    <line originx="1100" originy="-400" endx="1100" endy="100" width="0" />
    <line originx="1100" originy="-400" endx="200" endy="-400" width="0" />
    <line originx="200" originy="100" endx="200" endy="-400" width="0" />
    <sympin number="1" originx="200" originy="0" rotation="180" length="100" width="7.8740157480315" flipped="False">
      <text name="pinname" originx="230" originy="0" style="Default" rotation="0" justify="left" flipped="False" hidden="False" data="SDA" />
      <text name="pindes" originx="140" originy="20" style="Default" rotation="0" justify="lowerright" flipped="False" hidden="False" data="1" />
    </sympin>
    <sympin number="2" originx="200" originy="-100" rotation="180" length="100" width="7.8740157480315" flipped="False">
      <text name="pinname" originx="230" originy="-100" style="Default" rotation="0" justify="left" flipped="False" hidden="False" data="SQW" />
      <text name="pindes" originx="140" originy="-80" style="Default" rotation="0" justify="lowerright" flipped="False" hidden="False" data="2" />
    </sympin>
    <sympin number="3" originx="200" originy="-200" rotation="180" length="100" width="7.8740157480315" flipped="False">
      <text name="pinname" originx="230" originy="-200" style="Default" rotation="0" justify="left" flipped="False" hidden="False" data="VSS" />
      <text name="pindes" originx="140" originy="-180" style="Default" rotation="0" justify="lowerright" flipped="False" hidden="False" data="3" />
    </sympin>
    <sympin number="4" originx="200" originy="-300" rotation="180" length="100" width="7.8740157480315" flipped="False">
      <text name="pinname" originx="230" originy="-300" style="Default" rotation="0" justify="left" flipped="False" hidden="False" data="NC_1" />
      <text name="pindes" originx="140" originy="-280" style="Default" rotation="0" justify="lowerright" flipped="False" hidden="False" data="4" />
    </sympin>
    <sympin number="5" originx="1100" originy="-300" rotation="0" length="100" width="7.8740157480315" flipped="False">
      <text name="pinname" originx="1070" originy="-300" style="Default" rotation="0" justify="right" flipped="False" hidden="False" data="VCC" />
      <text name="pindes" originx="1160" originy="-280" style="Default" rotation="0" justify="lowerleft" flipped="False" hidden="False" data="5" />
    </sympin>
    <sympin number="6" originx="1100" originy="-200" rotation="0" length="100" width="7.8740157480315" flipped="False">
      <text name="pinname" originx="1070" originy="-200" style="Default" rotation="0" justify="right" flipped="False" hidden="False" data="\IRQ\/OUT" />
      <text name="pindes" originx="1160" originy="-180" style="Default" rotation="0" justify="lowerleft" flipped="False" hidden="False" data="6" />
    </sympin>
    <sympin number="7" originx="1100" originy="-100" rotation="0" length="100" width="7.8740157480315" flipped="False">
      <text name="pinname" originx="1070" originy="-100" style="Default" rotation="0" justify="right" flipped="False" hidden="False" data="NC_2" />
      <text name="pindes" originx="1160" originy="-80" style="Default" rotation="0" justify="lowerleft" flipped="False" hidden="False" data="7" />
    </sympin>
    <sympin number="8" originx="1100" originy="0" rotation="0" length="100" width="7.8740157480315" flipped="False">
      <text name="pinname" originx="1070" originy="0" style="Default" rotation="0" justify="right" flipped="False" hidden="False" data="SCL" />
      <text name="pindes" originx="1160" originy="20" style="Default" rotation="0" justify="lowerleft" flipped="False" hidden="False" data="8" />
    </sympin>
  </symbol>
  <component name="M41T62LC6F" designatorprefix="IC" height="31.496062992126" footprint="M41T62LC6F">
    <comppin designator="1" sympin="1" pinswap="0" gateswap="0" gate="1" group="1" side="" type="Any" name="SDA" />
    <comppin designator="2" sympin="2" pinswap="0" gateswap="0" gate="1" group="1" side="" type="Any" name="SQW" />
    <comppin designator="3" sympin="3" pinswap="0" gateswap="0" gate="1" group="1" side="" type="Ground" name="VSS" />
    <comppin designator="4" sympin="4" pinswap="0" gateswap="0" gate="1" group="1" side="" type="Any" name="NC_1" />
    <comppin designator="5" sympin="5" pinswap="0" gateswap="0" gate="1" group="1" side="" type="Power" name="VCC" />
    <comppin designator="6" sympin="6" pinswap="0" gateswap="0" gate="1" group="1" side="" type="Output" name="|IRQ|/OUT" />
    <comppin designator="7" sympin="7" pinswap="0" gateswap="0" gate="1" group="1" side="" type="Any" name="NC_2" />
    <comppin designator="8" sympin="8" pinswap="0" gateswap="0" gate="1" group="1" side="" type="Any" name="SCL" />
    <attached_symbol gate="1" name="M41T62LC6F" />
    <pinmap designator="1" footprintpin="1" />
    <pinmap designator="2" footprintpin="2" />
    <pinmap designator="3" footprintpin="3" />
    <pinmap designator="4" footprintpin="4" />
    <pinmap designator="5" footprintpin="5" />
    <pinmap designator="6" footprintpin="6" />
    <pinmap designator="7" footprintpin="7" />
    <pinmap designator="8" footprintpin="8" />
    <text name="Datasheet" originx="0" originy="0" style="Default" rotation="0" justify="" flipped="False" hidden="True" data="http://www.st.com/st-web-ui/static/active/en/resource/technical/document/datasheet/CD00019860.pdf" />
    <text name="Description" originx="0" originy="0" style="Default" rotation="0" justify="" flipped="False" hidden="True" data="Real Time Clock Serial real-time clocks with alarm" />
    <text name="Manufacturer_Name" originx="0" originy="0" style="Default" rotation="0" justify="" flipped="False" hidden="True" data="STMicroelectronics" />
    <text name="Manufacturer_Part_Number" originx="1150" originy="200" style="Default" rotation="0" justify="left" flipped="False" hidden="False" data="M41T62LC6F" />
    <text name="Mouser Part Number" originx="0" originy="0" style="Default" rotation="0" justify="" flipped="False" hidden="True" data="511-M41T62LC6F" />
    <text name="Mouser Price/Stock" originx="0" originy="0" style="Default" rotation="0" justify="" flipped="False" hidden="True" data="https://www.mouser.co.uk/ProductDetail/STMicroelectronics/M41T62LC6F?qs=7qOP6AeGKU18Zvn81%252Bz5OQ%3D%3D" />
    <text name="Arrow Part Number" originx="0" originy="0" style="Default" rotation="0" justify="" flipped="False" hidden="True" data="M41T62LC6F" />
    <text name="Arrow Price/Stock" originx="0" originy="0" style="Default" rotation="0" justify="" flipped="False" hidden="True" data="https://www.arrow.com/en/products/m41t62lc6f/stmicroelectronics" />
    <text name="Mouser Testing Part Number" originx="0" originy="0" style="Default" rotation="0" justify="" flipped="False" hidden="True" data="" />
    <text name="Mouser Testing Price/Stock" originx="0" originy="0" style="Default" rotation="0" justify="" flipped="False" hidden="True" data="" />
  </component>
</quadcept_library>
